{"cameraMode":{"drawMode":0,"name":"Shaded","section":"Shading Mode"},"sceneLighting":false,"audioPlay":false,"sceneViewState":{"m_AlwaysRefresh":false,"showFog":true,"showSkybox":false,"showFlares":true,"showImageEffects":true,"showParticleSystems":true,"showVisualEffectGraphs":true,"m_FxEnabled":true},"in2DMode":false,"pivot":{"x":-0.08217867463827133,"y":-0.032526351511478427,"z":-0.01329144835472107},"rotation":{"x":-0.12398229539394379,"y":0.8274667859077454,"z":-0.20145127177238465,"w":-0.5092607736587524},"size":0.2707112431526184,"orthographic":false}