{"cameraMode":{"drawMode":0,"name":"Shaded","section":"Shading Mode"},"sceneLighting":true,"audioPlay":false,"sceneViewState":{"m_AlwaysRefresh":false,"showFog":true,"showSkybox":true,"showFlares":true,"showImageEffects":true,"showParticleSystems":true,"showVisualEffectGraphs":true,"m_FxEnabled":true},"in2DMode":false,"pivot":{"x":0.900745153427124,"y":0.5280577540397644,"z":3.27426815032959},"rotation":{"x":0.04236763343214989,"y":-0.9570451974868774,"z":0.18486204743385316,"w":0.21933744847774507},"size":2.3241515159606935,"orthographic":false}